{
    "network": {
        "name": "OpenChain",
        "version": "1.0.0",
        "port": 3000,
        "wsPort": 3001,
        "consensus": {
            "type": "PoS",
            "blockTime": 10,
            "difficultyAdjustment": 2016
        },
        "genesis": {
            "timestamp": 0,
            "difficulty": 1,
            "nonce": 0,
            "previousHash": "0".repeat(64),
            "transactions": []
        },
        "mining": {
            "reward": 50,
            "halvingInterval": 210000,
            "maxSupply": 100000000
        },
        "peers": {
            "maxConnections": 50,
            "discoveryInterval": 30000,
            "pingInterval": 30000
        },
        "sync": {
            "maxBlocksPerRequest": 500,
            "timeout": 30000
        }
    }
} 